{
  "train_loss": [
    0.13450032472610474,
    0.1306530386209488,
    0.12480735778808594,
    0.11143988370895386,
    0.10677583515644073,
    0.11878802627325058,
    0.11150545626878738,
    0.10629883408546448
  ],
  "train_accuracy": [
    0.9554155468940735,
    0.9565059542655945,
    0.9594135880470276,
    0.9611097574234009,
    0.9641991853713989,
    0.9617761373519897,
    0.9634722471237183,
    0.9645626544952393
  ],
  "val_loss": [
    0.2352822721004486,
    0.23573003709316254,
    0.23538412153720856,
    0.2359437346458435,
    0.2368668019771576,
    0.23754605650901794,
    0.2381175309419632,
    0.23845630884170532
  ],
  "val_accuracy": [
    0.9506385326385498,
    0.9508841037750244,
    0.9513752460479736,
    0.9499017596244812,
    0.949410617351532,
    0.949410617351532,
    0.949410617351532,
    0.9496561884880066
  ]
}