{
  "train_loss": [
    4.801150321960449,
    4.724003791809082,
    4.681416034698486,
    4.644660949707031,
    4.613803863525391,
    4.5889506340026855,
    4.571045398712158,
    4.548090934753418,
    4.552132606506348,
    4.529576301574707,
    4.509130954742432,
    4.513247489929199,
    4.508216857910156,
    4.486720561981201,
    4.489977836608887,
    4.477742671966553,
    4.472505569458008,
    4.463529586791992,
    4.465782642364502
  ],
  "train_accuracy": [
    0.011751878075301647,
    0.015992246568202972,
    0.02132299542427063,
    0.021625878289341927,
    0.026169130578637123,
    0.026290282607078552,
    0.025381634011864662,
    0.02822873741388321,
    0.02719893306493759,
    0.03271141275763512,
    0.031984493136405945,
    0.033680640161037445,
    0.030046038329601288,
    0.03174218535423279,
    0.03180276229977608,
    0.033620063215494156,
    0.0356190949678421,
    0.036164283752441406,
    0.03410467505455017
  ],
  "val_loss": [
    4.723263263702393,
    4.679450988769531,
    4.626863956451416,
    4.569641590118408,
    4.529265880584717,
    4.528910160064697,
    4.495827674865723,
    4.498833179473877,
    4.470486640930176,
    4.496825218200684,
    4.451068878173828,
    4.4350666999816895,
    4.46414852142334,
    4.421583652496338,
    4.468928813934326,
    4.451493740081787,
    4.416485786437988,
    4.466996192932129,
    4.435024738311768
  ],
  "val_accuracy": [
    0.015471512451767921,
    0.022838899865746498,
    0.023084478452801704,
    0.02922396920621395,
    0.0333988219499588,
    0.03290766105055809,
    0.037328094244003296,
    0.02996070683002472,
    0.04027504846453667,
    0.036836933344602585,
    0.04125736653804779,
    0.0417485274374485,
    0.04052062705159187,
    0.04371316358447075,
    0.041011787950992584,
    0.04002946987748146,
    0.04371316358447075,
    0.03904715180397034,
    0.04322200268507004
  ]
}