{
  "train_loss": [
    2.4381251335144043,
    2.1187222003936768,
    1.893074631690979,
    1.707570195198059,
    1.5467419624328613,
    1.418053150177002,
    1.3117731809616089,
    1.2224173545837402,
    1.1280747652053833,
    1.0638149976730347,
    1.0269031524658203,
    0.9615797996520996,
    0.907069206237793,
    0.7173007726669312,
    0.6585641503334045,
    0.6405142545700073,
    0.578233540058136,
    0.5159795880317688,
    0.4722834825515747,
    0.4496200680732727,
    0.4061732590198517,
    0.39248350262641907,
    0.3749338984489441,
    0.358673095703125,
    0.3447234630584717,
    0.34449201822280884,
    0.3317524790763855,
    0.3251388967037201,
    0.31640881299972534,
    0.3138376772403717,
    0.3278909921646118,
    0.31580850481987,
    0.30975621938705444,
    0.3173035681247711,
    0.3092671036720276,
    0.3134365677833557
  ],
  "train_accuracy": [
    0.33292949199676514,
    0.3924157917499542,
    0.44039252400398254,
    0.4947904050350189,
    0.5348315834999084,
    0.5698449015617371,
    0.6009207367897034,
    0.6238187551498413,
    0.6566513180732727,
    0.6701599359512329,
    0.6845166087150574,
    0.7033559679985046,
    0.7195904850959778,
    0.7685364484786987,
    0.7830142974853516,
    0.7955536842346191,
    0.8143324255943298,
    0.8290525674819946,
    0.8389265537261963,
    0.8500726819038391,
    0.865216851234436,
    0.8657620549201965,
    0.8726677894592285,
    0.8766658306121826,
    0.8802399039268494,
    0.8799975514411926,
    0.8841773867607117,
    0.8873273730278015,
    0.8894475698471069,
    0.8917494416236877,
    0.8843591213226318,
    0.8906590938568115,
    0.8931427001953125,
    0.8892658352851868,
    0.8938090801239014,
    0.8873273730278015
  ],
  "val_loss": [
    1.6827977895736694,
    1.3581959009170532,
    1.2675530910491943,
    1.1712311506271362,
    1.0703818798065186,
    1.0120677947998047,
    1.033708095550537,
    0.9854210615158081,
    0.981386661529541,
    0.9724342226982117,
    1.0296353101730347,
    1.0790331363677979,
    1.0263592004776,
    0.9458447694778442,
    0.9498851895332336,
    1.0019559860229492,
    1.0830581188201904,
    0.9655495882034302,
    0.9874275922775269,
    1.0643893480300903,
    1.0310331583023071,
    1.0619213581085205,
    1.060408592224121,
    1.0519412755966187,
    1.086838960647583,
    1.0732749700546265,
    1.085267424583435,
    1.1112054586410522,
    1.1136013269424438,
    1.1181062459945679,
    1.1118413209915161,
    1.1278685331344604,
    1.1270705461502075,
    1.1251649856567383,
    1.12519371509552,
    1.1221956014633179
  ],
  "val_accuracy": [
    0.5849705338478088,
    0.631385087966919,
    0.6335952877998352,
    0.6569253206253052,
    0.6903241872787476,
    0.7094793915748596,
    0.6967092156410217,
    0.7148821353912354,
    0.726178765296936,
    0.7205304503440857,
    0.7188113927841187,
    0.7043222188949585,
    0.7283890247344971,
    0.7536836862564087,
    0.7472985982894897,
    0.7433693408966064,
    0.7468074560165405,
    0.7654715180397034,
    0.7679272890090942,
    0.765717089176178,
    0.7723477482795715,
    0.7691552042961121,
    0.7718566060066223,
    0.7757858633995056,
    0.7716109752655029,
    0.776768147945404,
    0.7748035192489624,
    0.7735756635665894,
    0.7730844616889954,
    0.7757858633995056,
    0.7765225768089294,
    0.7748035192489624,
    0.7752947211265564,
    0.7743123769760132,
    0.7760314345359802,
    0.775540292263031
  ]
}