{
  "train_loss": [
    4.823605060577393,
    4.768767356872559,
    4.727456092834473,
    4.682613372802734,
    4.640248775482178,
    4.6114501953125,
    4.582043647766113,
    4.5688581466674805,
    4.544092178344727,
    4.530162811279297,
    4.510280609130859,
    4.506216526031494,
    4.488541126251221,
    4.479842662811279,
    4.4762396812438965,
    4.465340614318848,
    4.448885917663574,
    4.4354329109191895,
    4.433443069458008,
    4.429170608520508
  ],
  "train_accuracy": [
    0.010055730119347572,
    0.014720135368406773,
    0.019323963671922684,
    0.02120184153318405,
    0.02223164588212967,
    0.024170098826289177,
    0.025987399742007256,
    0.02986430749297142,
    0.029985461384058,
    0.03162103146314621,
    0.034649867564439774,
    0.037133511155843735,
    0.03640659153461456,
    0.03574024885892868,
    0.03852677345275879,
    0.03931427001953125,
    0.03937484696507454,
    0.0418584942817688,
    0.04179791733622551,
    0.042282529175281525
  ],
  "val_loss": [
    4.769344806671143,
    4.746677875518799,
    4.70668363571167,
    4.7083659172058105,
    4.621106147766113,
    4.589961051940918,
    4.5843634605407715,
    4.581918716430664,
    4.551928520202637,
    4.546535015106201,
    4.525864124298096,
    4.547893524169922,
    4.499819755554199,
    4.480179309844971,
    4.469573020935059,
    4.463791847229004,
    4.430811405181885,
    4.435680389404297,
    4.425425052642822,
    4.419679641723633
  ],
  "val_accuracy": [
    0.015471512451767921,
    0.01792730763554573,
    0.020628683269023895,
    0.020137524232268333,
    0.0250491164624691,
    0.030943024903535843,
    0.035609036684036255,
    0.03511787950992584,
    0.03806483373045921,
    0.04125736653804779,
    0.03880157321691513,
    0.0375736728310585,
    0.04371316358447075,
    0.048870332539081573,
    0.046905696392059326,
    0.04616895690560341,
    0.048133596777915955,
    0.04739685729146004,
    0.05083496868610382,
    0.05451866239309311
  ]
}