{
  "train_loss": [
    1.1126739978790283,
    0.5100651383399963,
    0.45542383193969727,
    0.4308910369873047,
    0.3362412750720978,
    0.2873019874095917,
    0.2689296007156372,
    0.25669971108436584,
    0.2306739091873169,
    0.20548108220100403
  ],
  "train_accuracy": [
    0.7252846956253052,
    0.8572207689285278,
    0.872122585773468,
    0.8807244896888733,
    0.9036225080490112,
    0.9153137803077698,
    0.9198570251464844,
    0.9223406910896301,
    0.9300944805145264,
    0.9383935332298279
  ],
  "val_loss": [
    0.2426716685295105,
    0.24669235944747925,
    0.2429078072309494,
    0.2461320459842682,
    0.20625907182693481,
    0.21928085386753082,
    0.2131439447402954,
    0.22355109453201294,
    0.2229125052690506,
    0.21450789272785187
  ],
  "val_accuracy": [
    0.9219056963920593,
    0.9250982403755188,
    0.935412585735321,
    0.9290274977684021,
    0.9454813599586487,
    0.9410609006881714,
    0.943025529384613,
    0.9386051297187805,
    0.9422888159751892,
    0.9427799582481384
  ]
}