epoch,accuracy,loss,lr,top5_accuracy,val_accuracy,val_loss,val_top5_accuracy
0,0.7252846956253052,1.1126739978790283,0.001,0.9020475149154663,0.9219056963920593,0.2426716685295105,0.9972985982894897
1,0.8572207689285278,0.5100651383399963,0.001,0.9826750755310059,0.9250982403755188,0.24669235944747925,0.9960707426071167
