{
  "train_loss": [
    5.517143726348877,
    5.195338249206543
  ],
  "train_accuracy": [
    0.0,
    0.0
  ],
  "val_loss": [
    4.163841247558594,
    4.246352195739746
  ],
  "val_accuracy": [
    0.0,
    0.0
  ]
}