{
  "train_loss": [
    2.3924968242645264,
    1.4526309967041016,
    1.2930488586425781,
    1.1850640773773193,
    1.135421872138977,
    1.0796717405319214,
    1.043410301208496,
    1.0167222023010254,
    0.9690096974372864,
    0.9508075714111328,
    0.9434172511100769,
    0.8294797539710999,
    0.7834786176681519,
    0.7495919466018677,
    0.7194541692733765,
    0.6821271181106567,
    0.6661723256111145,
    0.6489753127098083,
    0.6195903420448303,
    0.6191229820251465
  ],
  "train_accuracy": [
    0.39223405718803406,
    0.5883814096450806,
    0.6218197345733643,
    0.6565907597541809,
    0.6727647185325623,
    0.6843348741531372,
    0.6908771395683289,
    0.7008723020553589,
    0.7154712677001953,
    0.7168039679527283,
    0.7221347093582153,
    0.7546038031578064,
    0.7606614828109741,
    0.7722316384315491,
    0.7811970114707947,
    0.7890113592147827,
    0.8005815148353577,
    0.7980372905731201,
    0.8094257116317749,
    0.8121516704559326
  ],
  "val_loss": [
    0.7464131116867065,
    0.6712134480476379,
    0.6379984021186829,
    0.6052072644233704,
    0.6253507137298584,
    0.6185982823371887,
    0.596356213092804,
    0.5956665277481079,
    0.601424515247345,
    0.6186279654502869,
    0.5956614017486572,
    0.5716305375099182,
    0.574420690536499,
    0.5783531665802002,
    0.5883782505989075,
    0.5781644582748413,
    0.5796646475791931,
    0.5779330134391785,
    0.5743868350982666,
    0.5776963829994202
  ],
  "val_accuracy": [
    0.7752947211265564,
    0.7858546376228333,
    0.7944499254226685,
    0.8052554130554199,
    0.8109037280082703,
    0.8074656128883362,
    0.8165520429611206,
    0.8138507008552551,
    0.8192534446716309,
    0.8170432448387146,
    0.8177799582481384,
    0.8276031613349915,
    0.8352161049842834,
    0.833742618560791,
    0.8332514762878418,
    0.8366895914077759,
    0.8393909335136414,
    0.8374263048171997,
    0.8391453623771667,
    0.8396365642547607
  ]
}