{
  "train_loss": [
    4.802295684814453,
    4.696684837341309,
    4.454892635345459,
    4.198505878448486,
    4.009372234344482,
    3.8478658199310303,
    3.737841844558716,
    3.643122911453247,
    3.5616118907928467,
    3.5151891708374023,
    3.4703409671783447,
    3.414233684539795,
    3.383669853210449,
    3.3389461040496826,
    3.3237619400024414,
    3.295259952545166,
    3.2692060470581055,
    3.2412266731262207,
    3.215812921524048,
    3.20310378074646
  ],
  "train_accuracy": [
    0.010903804562985897,
    0.022413374856114388,
    0.03828446939587593,
    0.06112188100814819,
    0.08165737986564636,
    0.10722073912620544,
    0.11927550286054611,
    0.13611581921577454,
    0.14350618422031403,
    0.1527138352394104,
    0.15683305263519287,
    0.16870608925819397,
    0.17070510983467102,
    0.18518294394016266,
    0.18475890159606934,
    0.1950569450855255,
    0.19251272082328796,
    0.1985703855752945,
    0.20014537870883942,
    0.21001937985420227
  ],
  "val_loss": [
    4.745184421539307,
    4.562763214111328,
    4.102867603302002,
    3.6749486923217773,
    3.4087793827056885,
    3.1841747760772705,
    3.0619630813598633,
    2.8677873611450195,
    2.8170273303985596,
    2.778937816619873,
    2.656362295150757,
    2.614936113357544,
    2.5977795124053955,
    2.5569770336151123,
    2.51132869720459,
    2.5180370807647705,
    2.4577624797821045,
    2.468940019607544,
    2.495281457901001,
    2.440540313720703
  ],
  "val_accuracy": [
    0.024803536012768745,
    0.03462671861052513,
    0.06900785863399506,
    0.12352652102708817,
    0.1537328064441681,
    0.18614931404590607,
    0.19842828810214996,
    0.22863458096981049,
    0.23231826722621918,
    0.24754419922828674,
    0.26547151803970337,
    0.2738212049007416,
    0.2833988070487976,
    0.28904715180397034,
    0.2956778109073639,
    0.3079567849636078,
    0.31139490008354187,
    0.3123772144317627,
    0.308447927236557,
    0.31851670145988464
  ]
}