{
  "train_loss": [
    0.1885160356760025,
    0.17555354535579681,
    0.17603734135627747,
    0.16193890571594238,
    0.16490301489830017,
    0.15717831254005432,
    0.15536439418792725,
    0.14814503490924835,
    0.14165760576725006,
    0.14398255944252014,
    0.1455988734960556,
    0.14262719452381134
  ],
  "train_accuracy": [
    0.9367579221725464,
    0.9427550435066223,
    0.9417858123779297,
    0.9464502334594727,
    0.9436030983924866,
    0.9469953775405884,
    0.9483886361122131,
    0.9506905674934387,
    0.9524472951889038,
    0.950387716293335,
    0.9508723020553589,
    0.9534770846366882
  ],
  "val_loss": [
    0.23747284710407257,
    0.24082869291305542,
    0.23481863737106323,
    0.23940806090831757,
    0.2442263662815094,
    0.23936793208122253,
    0.23329533636569977,
    0.24112392961978912,
    0.24349987506866455,
    0.2396894097328186,
    0.23637063801288605,
    0.23573267459869385
  ],
  "val_accuracy": [
    0.9359037280082703,
    0.9373772144317627,
    0.9371316432952881,
    0.9376227855682373,
    0.9356581568717957,
    0.9356581568717957,
    0.9371316432952881,
    0.9363948702812195,
    0.935412585735321,
    0.9356581568717957,
    0.9366405010223389,
    0.9361492991447449
  ]
}