{
  "train_loss": [
    0.8837824463844299,
    0.4457935094833374,
    0.40752094984054565,
    0.3896390497684479,
    0.3679194748401642,
    0.30051711201667786,
    0.2782335579395294,
    0.26246052980422974,
    0.23724129796028137,
    0.2162620723247528,
    0.20771874487400055,
    0.2021791785955429,
    0.19215524196624756,
    0.19130922853946686,
    0.17992500960826874,
    0.17178648710250854,
    0.16762341558933258
  ],
  "train_accuracy": [
    0.7912527322769165,
    0.8843591213226318,
    0.8915677070617676,
    0.8978676795959473,
    0.9011994004249573,
    0.9163435697555542,
    0.9238551259040833,
    0.9256118535995483,
    0.9320329427719116,
    0.9370002150535583,
    0.9364550709724426,
    0.9376665949821472,
    0.9425733089447021,
    0.9420886635780334,
    0.944390594959259,
    0.94548100233078,
    0.9467530846595764
  ],
  "val_loss": [
    0.2347736358642578,
    0.23192189633846283,
    0.2536267042160034,
    0.2560935616493225,
    0.25519391894340515,
    0.23277314007282257,
    0.23289579153060913,
    0.2396087944507599,
    0.23172339797019958,
    0.22924602031707764,
    0.2317517250776291,
    0.2348872572183609,
    0.23445598781108856,
    0.23649856448173523,
    0.2350957691669464,
    0.23845329880714417,
    0.23820416629314423
  ],
  "val_accuracy": [
    0.9376227855682373,
    0.9390962719917297,
    0.9440078735351562,
    0.9388507008552551,
    0.9422888159751892,
    0.9452357292175293,
    0.9464636445045471,
    0.9476915597915649,
    0.9474459886550903,
    0.9474459886550903,
    0.9489194750785828,
    0.9503929018974304,
    0.9467092156410217,
    0.9486738443374634,
    0.9484282732009888,
    0.949410617351532,
    0.949410617351532
  ]
}