{
  "train_loss": [
    4.800403594970703,
    4.785313606262207,
    4.784604072570801,
    4.782707214355469,
    4.781675338745117,
    4.780995845794678,
    4.780513763427734,
    4.7798590660095215,
    4.779880523681641,
    4.780081748962402,
    4.780211448669434
  ],
  "train_accuracy": [
    0.009268233552575111,
    0.011267264373600483,
    0.010903804562985897,
    0.011509571224451065,
    0.011327841319143772,
    0.010479767806828022,
    0.012175914831459522,
    0.013145141303539276,
    0.012357644736766815,
    0.013508602045476437,
    0.011751878075301647
  ],
  "val_loss": [
    4.784526824951172,
    4.7830400466918945,
    4.783212661743164,
    4.781528949737549,
    4.780413627624512,
    4.779781818389893,
    4.779253959655762,
    4.779085636138916,
    4.778997421264648,
    4.778961181640625,
    4.778924942016602
  ],
  "val_accuracy": [
    0.010314341634511948,
    0.011296659708023071,
    0.011542239226400852,
    0.011542239226400852,
    0.011542239226400852,
    0.01227897871285677,
    0.01227897871285677,
    0.01227897871285677,
    0.01227897871285677,
    0.01227897871285677,
    0.01227897871285677
  ]
}