{
  "train_loss": [
    0.18272122740745544,
    0.1802043318748474,
    0.17452748119831085,
    0.17103393375873566,
    0.17169542610645294,
    0.1625884771347046,
    0.15806742012500763,
    0.15523414313793182,
    0.14424410462379456,
    0.1505725383758545,
    0.1439419686794281,
    0.14328931272029877,
    0.13692526519298553,
    0.12732340395450592,
    0.12809763848781586
  ],
  "train_accuracy": [
    0.9370608329772949,
    0.9409983158111572,
    0.9420886635780334,
    0.9431185126304626,
    0.9434819221496582,
    0.9456021189689636,
    0.9482675194740295,
    0.9489943981170654,
    0.9520232677459717,
    0.9498425126075745,
    0.9514175057411194,
    0.9535982608795166,
    0.9551732540130615,
    0.9561424851417542,
    0.955960750579834
  ],
  "val_loss": [
    0.23775047063827515,
    0.23717179894447327,
    0.23355887830257416,
    0.23574309051036835,
    0.24182318150997162,
    0.23578748106956482,
    0.24319609999656677,
    0.24118566513061523,
    0.2453470677137375,
    0.23915718495845795,
    0.23564361035823822,
    0.2419857680797577,
    0.2466062605381012,
    0.24638962745666504,
    0.25108176469802856
  ],
  "val_accuracy": [
    0.9381139278411865,
    0.9378683567047119,
    0.9386051297187805,
    0.9373772144317627,
    0.9361492991447449,
    0.9363948702812195,
    0.9366405010223389,
    0.9371316432952881,
    0.9344302415847778,
    0.9368860721588135,
    0.9381139278411865,
    0.9361492991447449,
    0.9359037280082703,
    0.9356581568717957,
    0.9361492991447449
  ]
}