{
  "train_loss": [
    1.411428689956665,
    0.6089235544204712,
    0.5255435705184937,
    0.4728774130344391,
    0.4398447573184967,
    0.42108896374702454,
    0.4040488302707672,
    0.39280861616134644,
    0.37477725744247437,
    0.30620789527893066,
    0.28086286783218384,
    0.2629929184913635,
    0.23855651915073395,
    0.22329336404800415,
    0.21502240002155304,
    0.20893438160419464,
    0.1960557997226715,
    0.2008722424507141,
    0.1943638026714325,
    0.18204714357852936
  ],
  "train_accuracy": [
    0.6482917666435242,
    0.825599730014801,
    0.8475284576416016,
    0.8600678443908691,
    0.8692755103111267,
    0.8764235377311707,
    0.8818754553794861,
    0.8829052448272705,
    0.8877514004707336,
    0.9056820869445801,
    0.9154349565505981,
    0.9173128008842468,
    0.9266416430473328,
    0.9300944805145264,
    0.9306396842002869,
    0.9331839084625244,
    0.9367579221725464,
    0.9370002150535583,
    0.9373031258583069,
    0.9403925538063049
  ],
  "val_loss": [
    0.2659151256084442,
    0.2512509226799011,
    0.2437753826379776,
    0.2440476268529892,
    0.24886085093021393,
    0.23360563814640045,
    0.24145159125328064,
    0.24157792329788208,
    0.2530461251735687,
    0.23353055119514465,
    0.23451854288578033,
    0.23696964979171753,
    0.23542238771915436,
    0.2365729659795761,
    0.23696783185005188,
    0.23658643662929535,
    0.23756195604801178,
    0.23795755207538605,
    0.23883862793445587,
    0.23860976099967957
  ],
  "val_accuracy": [
    0.9130648374557495,
    0.9223968386650085,
    0.9263261556625366,
    0.9236247539520264,
    0.9250982403755188,
    0.9312376976013184,
    0.9297642707824707,
    0.9305009841918945,
    0.9307465553283691,
    0.9341846704483032,
    0.9329567551612854,
    0.9329567551612854,
    0.9324656128883362,
    0.9344302415847778,
    0.9359037280082703,
    0.9359037280082703,
    0.9371316432952881,
    0.9383594989776611,
    0.9378683567047119,
    0.9371316432952881
  ]
}