{
  "train_loss": [
    4.419890880584717,
    3.712053060531616,
    3.455984354019165,
    3.294503688812256,
    3.221505880355835,
    3.14707612991333,
    3.095996856689453,
    3.062105894088745,
    3.0350894927978516,
    3.0037267208099365,
    2.976595163345337,
    2.9451396465301514,
    2.9391322135925293,
    2.916918992996216,
    2.9059083461761475,
    2.9079244136810303,
    2.886183023452759
  ],
  "train_accuracy": [
    0.05367094650864601,
    0.12291010469198227,
    0.15731766819953918,
    0.1832444816827774,
    0.19548097252845764,
    0.2042645961046219,
    0.2166222482919693,
    0.21977223455905914,
    0.22873757779598236,
    0.2302519977092743,
    0.23461352288722992,
    0.24448752403259277,
    0.24612309038639069,
    0.24842500686645508,
    0.2511509656906128,
    0.2476980835199356,
    0.253574013710022
  ],
  "val_loss": [
    3.0357906818389893,
    2.486811399459839,
    2.1867449283599854,
    2.059852123260498,
    1.9229398965835571,
    1.9049428701400757,
    1.8546708822250366,
    1.8869510889053345,
    1.8269821405410767,
    1.7898176908493042,
    1.7508903741836548,
    1.748382329940796,
    1.7994059324264526,
    1.7141159772872925,
    1.7567497491836548,
    1.7439017295837402,
    1.7872774600982666
  ],
  "val_accuracy": [
    0.2622789740562439,
    0.3543713092803955,
    0.4496561884880066,
    0.4761787950992584,
    0.48158153891563416,
    0.5085952877998352,
    0.5326620936393738,
    0.5103143453598022,
    0.5216109752655029,
    0.5221021771430969,
    0.5336443781852722,
    0.5469056963920593,
    0.5216109752655029,
    0.5422396659851074,
    0.542976438999176,
    0.542485237121582,
    0.5437131524085999
  ]
}