{
  "train_loss": [
    4.794587135314941,
    4.787045955657959,
    4.786637306213379,
    4.78639554977417,
    4.785822868347168,
    4.78542947769165,
    4.784965991973877
  ],
  "train_accuracy": [
    0.009631693363189697,
    0.011448994278907776,
    0.011267264373600483,
    0.010782650671899319,
    0.011630724184215069,
    0.011691301129758358,
    0.011812455020844936
  ],
  "val_loss": [
    4.787136077880859,
    4.786749839782715,
    4.786346912384033,
    4.78595495223999,
    4.7855000495910645,
    4.784974098205566,
    4.7844157218933105
  ],
  "val_accuracy": [
    0.011542239226400852,
    0.01227897871285677,
    0.01227897871285677,
    0.01227897871285677,
    0.01227897871285677,
    0.01227897871285677,
    0.01227897871285677
  ]
}